"Identificação do post","Identificação da conta","Nome de usuário da conta","Nome da conta",Descrição,"Duração (s)","Horário de publicação","Link permanente","Tipo de post","Comentário de dados",Data,Visualizações,Alcance,Curtidas,Compartilhamentos,Seguimentos,Comentários,Salvamentos
18163884697441538,17841408314363723,fagnermentor,"Fagner Sousa","🚨 Sua drogaria está ""batendo"" recorde de vendas e você continua quebrado?

Eu sei o que você está vivendo. O estoque está cheio, as prateleiras estão bonitas, mas a conta bancária está vazia. 
Você trabalha 14 horas por dia, sua equipe parece estar em outra frequência e você é apenas o ""bombeiro"" chefe, apagando incêndio o dia todo. 
O lucro que deveria sustentar sua família virou ""estoque parado"".

Você acha que o problema é ""vender mais"". Não é. Vender mais com a gestão errada só vai acelerar o fechamento da sua drogaria. 

Tá cansado 😩 de lutar sozinho ??

Clica no botão do WhatsApp e bora virar esse jogo 

#mentoria
#varejo
#consultoria #vendas #drogaria",0,"04/22/2026 04:14",https://www.instagram.com/p/DXbo_NDDko0/,"Imagem do Instagram",,Total,4702,1930,22,3,2,4,1
18149516800465490,17841408314363723,fagnermentor,"Fagner Sousa","O lucro da sua drogaria está escorrendo pelo ralo? 💸

​Você acorda cedo, dorme tarde, mas no final do mês a conta não fecha? O estoque está parado e o caixa vive no vermelho?
​O mercado não é o problema. A sua gestão é.

​Enquanto você estiver apenas ""apagando incêndios"", nunca terá uma empresa lucrativa. Em 90 dias, eu vou te dar o método para retomar as rédeas do seu negócio e ver o dinheiro sobrar de verdade.
​O que você vai garantir:
​Controle Total: Chega de surpresas negativas no fechamento.
​Liberdade: Pare de ser escravo da operação.
​Escala: Estratégias validadas para farmácias que querem crescer.
​⚠️ RESTANDO POUQUÍSSIMAS VAGAS.
📅 Início: 11/04
🔒 Inscrições encerram: 10/04
​
​Você prefere continuar sendo o bombeiro da sua farmácia ou quer finalmente começar a lucrar como um empresário de verdade?

Só clicar no botão do "" FALE CONOSCO """,0,"04/07/2026 14:40",https://www.instagram.com/p/DW2IqrSkdNy/,"Imagem do Instagram",,Total,4227,2460,16,4,4,2,0
